"(0, 0)","(1, 0)","(2, 0)","(0, 1)","(1, 1)","(1, 2)","(2, 2)"
0.0,0.0,0.0,0.0,0.0,0.0,0.0
0.5033120000000001,1.552944,1.9900000000000002,-0.07959999999999999,0.40731200000000006,-0.07959999999999999,-0.07959999999999999
1.231879136,2.4661453440000005,2.970100000000001,0.29506659200000007,1.126375136,-0.11880399999999999,-0.11880399999999999
2.0643547395200006,3.4039787275200006,3.940399000000001,0.980371006784,1.9579098435200009,0.060565915712000026,-0.15761595999999997
2.9573790010799366,4.3476229765329615,4.900995010000002,1.7898587578799368,2.8508409563759365,0.7330566416833287,-0.02323975483609598
3.873293935551133,5.290235977277981,5.851985059900001,2.665673440566641,3.7667466691254368,1.520137909247618,0.5359793887556493
4.79722466423982,6.2274134494347395,6.793465209301001,3.568458387816013,4.690676484863676,2.3788189744496693,1.2700731430977321
5.720314074105842,7.157315349261936,7.725530557207991,4.481056286473227,5.6137658043476035,3.2682560956492246,2.095499110097489
6.638529422312782,8.078957235516075,8.648275251635912,5.393876133683089,6.531981143606717,4.1691142824122265,2.9633676515534892
7.549742280572322,8.991916898828798,9.561792499119553,6.302375172923414,7.443194000980422,5.071444777199125,3.8486853066780746
8.452957811768487,9.8960156383838,10.466174574128358,7.204207234429759,8.346409532088888,5.970102527080337,4.738623954263966
9.347703725173597,10.791210354586457,11.361512828387074,8.09825364680599,9.241155445485317,6.862520271067486,5.626568744391892
10.233788380658455,11.67752237428967,12.247897700103204,8.98398285047433,10.127240100969315,7.747414925354849,6.509176666075043
11.111157072319564,12.55500646353238,13.125418723102172,9.861171469674419,11.00460879263034,8.624176727519258,7.384769600763899
11.979825644775051,13.42373353905703,13.99416453587115,10.729748647245268,11.873277365085817,9.49253585026326,8.252532349146506
12.839844817843183,14.283782391920093,14.854222890512439,11.589721485882619,12.733296538153947,10.352397424889535,9.112089798539511
13.691282718469568,15.135235343363183,15.705680661607316,12.441135880111421,13.584734438780334,11.203755093337403,9.963292540623335
14.534215833203161,15.978176092425203,16.54862385499124,13.284057074598183,14.427667553513928,12.046647391276137,10.806105956966643
15.368724483073095,16.812688614101038,17.383137616441328,14.118559678080004,15.262176203383863,12.881135283859066,11.640553713370096
16.19489051432218,17.638856609152537,18.209306240276916,14.944722642858816,16.088342234632947,13.707290763805707,12.46668878006366
17.01279613700973,18.45676322783408,19.027213177874145,15.76262671021485,16.906247857320498,14.525191024672361,13.284578663386727
17.82252333831983,19.266490934306628,19.836941046095404,16.572353122697706,17.715975058630594,15.334915502115683,14.094297866891084
18.624153589611588,20.068121441808348,20.63857163563445,17.37398297390081,18.517605309922356,16.1365443699671,14.895924055320059
19.417767701699944,20.861735683843822,21.4321859192781,18.16759688307087,19.311219422010705,16.930157779561934,15.689536103967319
20.203445755496617,21.647413803547856,22.217864060085322,18.953274833949433,20.096897475807385,17.715835476701876,16.475213109998585
20.98126707076506,22.425235152243747,22.99568541948447,19.73109609701925,20.87471879107583,18.493656610922795,17.253033893327604
21.751310194187695,23.195278292620337,23.765728565289624,20.50113919396734,21.64476191449846,19.263699642452842,18.023076746729718
22.51365289718266,23.957621004214143,24.52807127963673,21.263481883534773,22.407104617493424,20.026042298811856,18.78541931267514
23.268372178628628,24.71234029002134,25.28279056684036,22.018201158170463,23.161823898939396,20.780761556592005,19.54013852456867
24.015544270040014,25.45951238364468,26.029962661171957,22.765373246127748,23.90899599035078,21.52793363599491,20.287310580685464
24.755244641947193,26.199212756673745,26.76966303456024,23.50507361628307,24.648696362257958,22.267634001809174,21.027010934683695
25.4875480108504,26.931516126145947,27.501966404214638,24.23737698429774,25.380999731161168,22.9999373676211,21.75931429450024
26.212528346427256,27.656496462011397,28.226946740172494,24.96235731942395,26.10598006673802,23.724917701629657,22.484294625466962
26.930258878832298,28.374226994562807,28.94467727277077,25.680087851600426,26.823710599143062,24.442648233239083,23.202025155533153
27.64081210600659,29.084780221811332,29.655230500043068,26.39064107865879,27.534263826317353,25.153201460009754,23.912578381520916
28.34425980095645,29.78822791679885,30.35867819504264,27.09408877354986,28.237711521267215,25.856649154754884,24.61602607586887
29.040673018980815,30.484641134842317,31.055091413092214,27.790501991544403,28.93412473929158,26.55306237267539,25.312439293587907
29.73012210483711,31.174090220708294,31.744540498961296,28.47995107738557,29.62357382514788,27.242511458479,26.00188837928932
30.412676699841015,31.85664481571711,32.42709509397169,29.162505672381805,30.30612842015178,27.925066053456188,26.684442974214658
31.088405748898015,32.532373864776595,33.10282414303197,29.83823472143491,30.98185746920878,28.600795102499625,27.36017202323181
31.75737750746602,33.20134562334587,33.77179590160165,30.507206480000953,31.65082922777679,29.269766861060766,28.029143781779602
32.41965954844916,33.863627664329655,34.43407794258563,31.169488520983087,32.313111268759926,29.932048902040417,28.691425822752493
33.075318769022886,34.51928688490369,35.089737163159775,31.825147741556293,32.96877048933365,30.587708122612362,29.347085043321005
33.72442139739106,35.16838951327204,35.73883979152818,32.474250369924235,33.617873117701826,31.236810750979654,29.99618767168655
34.36703299947567,35.81100111535673,36.381451393612906,33.11686197200871,34.26048471978644,31.879422353063802,30.638799273769827
35.003218485539485,36.4471866014206,37.01763687967678,33.75304745807245,34.89667020585025,32.5156078391274,31.274984759832957
35.6330421167427,37.07701023262383,37.647460510880016,34.382871089275625,35.526493837053465,33.14543147033047,31.90480839103583
36.25656751163389,37.70053562751502,38.27098590577121,35.0063964841668,36.150019231944654,33.76895686522161,32.528333785926826
36.87385765257617,38.31782576845731,38.8882760467135,35.62368662510908,36.767309372886935,34.38624700616386,33.14562392686903
37.48497489210903,38.92894300799017,39.49939328624637,36.23480386464193,37.3784266124198,34.99736424569671,33.75674116640185
38.08998095924657,39.533949075127715,40.104399353383904,36.83980993177946,37.98343267955733,35.602370312834246,34.36174723353936
38.68893696571273,40.13290508159387,40.70335535985007,37.43876593824562,38.58238868602349,36.2013263193004,34.96070324000552
39.28190341211422,40.72587152799538,41.296321806251576,38.03173238464712,39.17535513242498,36.7942927657019,35.55366968640701
39.868940194051724,41.312908309932865,41.883358588189054,38.618769166584606,39.76239191436249,37.38132954763937,36.14070646834449
40.45010660816983,41.89407472405097,42.46452500230716,39.19993558070273,40.3435583284806,37.96249596175749,36.72187288246259
41.02546135814675,42.469429474027905,43.039879752284094,39.77529033067966,40.91891307845752,38.53785071173443,37.29722763243953
41.595062560623916,43.039030676505064,43.60948095476125,40.34489153315681,41.48851428093468,39.10745191421158,37.866828834916696
42.15896775107631,43.60293586695745,44.17338614521364,40.9087967236092,42.052419471387076,39.67135710466397,38.43073402536908
42.71723388962417,44.16120200550532,44.73165228376151,41.467062862157064,42.61068560993493,40.22962324321183,38.98900016391694
43.26991736678656,44.7138854826677,45.284335760923895,42.019746339319454,43.16336908709732,40.782306720374216,39.54168364107933
43.81707400917732,45.26104212505847,45.831492403314655,42.566902981710214,43.71052572948808,41.32946336276498,40.08884028347009
44.35875908514417,45.80272720102532,46.37317747928151,43.10858805767707,44.252210805454936,41.87114843873184,40.63052535943695
44.89502731035135,46.3389954262325,46.9094457044887,43.64485628288425,44.78847903066212,42.407416663939024,41.16679358464414
45.42593285330647,46.86990096918762,47.44035124744381,44.175761825839366,45.319384573617235,42.93832220689413,41.69769912759924
45.95152934083204,47.39549745671318,47.96594773496937,44.701358313364935,45.8449810611428,43.4639186944197,42.2232956151248
46.47186986348233,47.91583797936348,48.486288257619684,45.221698836015236,46.3653215837931,43.984259217070004,42.743636137775106
46.98700698090614,48.43097509678729,49.001425375043496,45.736835953439034,46.8804587012169,44.499396334493795,43.25877325519891
47.49699272715571,48.94096084303687,49.511411121293065,46.246821699688596,47.39044444746647,45.009382080743364,43.76875900144847
48.001878615942786,49.44584673182394,50.01629701008014,46.75170758847567,47.89533033625355,45.51426796953044,44.27364489023554
48.50171564584199,49.94568376172314,50.516134039979335,47.25154461837488,48.395167366152755,46.01410499942964,44.773481920134735
48.9965543054422,50.440522421323344,51.01097269957954,47.7463832779751,48.89000602575297,46.508943659029846,45.26832057973495
49.486444578446395,50.93041269432756,51.500862972583754,48.2362735509793,49.37989629875716,46.99883393203407,45.75821085273916
49.97143594872057,51.415404064601724,51.98585434285791,48.721264921253464,49.86488766903134,47.483825302308226,46.24320222301334
50.451577405292,51.89554552117315,52.46599579942935,49.20140637782489,50.345029125602764,47.963966758879664,46.72334367958476
50.92691744729771,52.37088556317886,52.94133584143506,49.67674641983061,50.820369167608476,48.43930680088537,47.19868372159048
51.397504088883366,52.84147220476452,53.41192248302072,50.14733306141626,51.29095580919413,48.90989344247102,47.66927036317612
51.863384864053174,53.307352979934315,53.87780325819051,50.61321383658605,51.75683658436393,49.375774217640824,48.13515113834592
52.324606831471264,53.76857494735241,54.339025225608616,51.07443580400417,52.21805855178203,49.83699618505892,48.59637310576403
52.78121657921518,54.22518469509633,54.79563497335252,51.53104555174808,52.67466829952595,50.29360593280284,49.05298285350794
53.233260229481665,54.677228345362806,55.247678623618995,51.98308920201456,53.12671194979243,50.74564958306932,49.50502650377443
53.680783443245474,55.12475155912661,55.6952018373828,52.43061241577837,53.57423516355624,51.19317279683313,49.95254971753824
54.123831424871646,55.56779954075279,56.138249819008976,52.87366039740455,54.01728314518241,51.63622077845931,50.39559769916442
54.562448926681554,56.00641704256269,56.57686732081888,53.31227789921445,54.45590064699232,52.07483828026922,50.83421520097434
54.99668025347336,56.44064836935449,57.01109864761068,53.74650922600627,54.89013197378412,52.509069607061036,51.268446527766145
55.42656926699724,56.87053738287838,57.44098766113458,54.17639823953015,55.320020987308006,52.93895862058492,51.69833554129004
55.85215939038589,57.29612750626704,57.86657778452323,54.6019883629188,55.74561111069666,53.36454874397356,52.12392566467868
56.27349361254066,57.71746172842181,58.287912006678006,55.02332258507356,56.16694533285143,53.785882966128334,52.54525988683344
56.690614492473884,58.13458260835503,58.705032886611235,55.44044346500678,56.58406621278465,54.20300384606155,52.962380766766664
57.10356416360777,58.54753227948893,59.11798255774513,55.85339313614067,56.997015883918536,54.615953517195436,53.375330437900544
57.51238433803033,58.956352453911485,59.52680273216769,56.26221331056322,57.405836058341094,55.02477369161799,53.784150612323096
57.917116310708664,59.36108442658981,59.93153470484601,56.66694528324155,57.81056803101942,55.42950566429632,54.18888258500142
58.317800963660204,59.76176907954135,60.332219357797555,57.0676299361931,58.21125268397097,55.830190317247855,54.58956723795297
58.71447877008223,60.158446885963386,60.728897164219575,57.46430774261513,58.607930490392995,56.226868123669895,54.986245044374996
59.10718979844005,60.55115791432119,61.12160819257738,57.857018770972935,59.000641518750804,56.619579152027704,55.37895607273281
59.49597371651428,60.93994183239542,61.51039211065161,58.24580268904718,59.389425436825036,57.008363070101936,55.767739990807044
59.88086979540776,61.3248379112889,61.89528818954509,58.630698767940665,59.774321515718526,57.39325914899542,56.15263606970053
60.26191691351231,61.70588502939345,62.27633530764964,59.01174588604521,60.15536863382307,57.77430626709997,56.533683187805075
60.63915356043581,62.08312167631695,62.65357195457314,59.38898253296871,60.53260528074657,58.15154291402348,56.91091983472859
61.01261784089007,62.45658595677122,63.02703623502742,59.76244681342297,60.90606956120084,58.52500719447775,57.28438411518287
61.382347478539806,62.82631559442095,63.39676587267715,60.132176451072695,61.27579919885057,58.894736832127464,57.654113752832586
61.748379819813024,63.19234793569419,63.762798213950376,60.498208792345935,61.64183154012379,59.2607691734007,58.020146094105804
62.11075183767353,63.55471995355468,64.12517023181087,60.860580810206415,62.0042035579843,59.62314119126118,58.382518111966306
62.469500135355425,63.91346825123658,64.48391852949277,61.21932910788831,62.36295185566619,59.98188948894308,58.74126640964819
62.82466095006051,64.26862906594165,64.83907934419784,61.5744899225934,62.718112670371276,60.33705030364816,59.09642722435327
63.17627015661853,64.62023827249968,65.19068855075587,61.92609912915144,63.06972187692929,60.68865951020619,59.44803643091129
63.52436327111097,64.96833138699212,65.53878166524831,62.27419224364387,63.417814991421736,61.036752624698636,59.796129545403744
63.86897545445848,65.31294357033964,65.88339384859583,62.61880442699139,63.76242717476924,61.38136480804615,60.14074172875126
64.21014151597254,65.65410963185369,66.22455991010987,62.95997048850542,64.1035932362833,61.722530869560195,60.48190779026531
64.54789591687144,65.99186403275259,66.56231431100878,63.297724889404336,64.4413476371822,62.060285270459104,60.81966219116421
64.88227277376134,66.32624088964249,66.8966911678987,63.63210174629425,64.77572449407211,62.39466212734901,61.15403904805412
65.21330586208235,66.65727397796351,67.2277242562197,63.96313483461526,65.10675758239312,62.72569521567002,61.48507213637514
65.54102861952016,66.98499673540131,67.5554470136575,64.29085759205306,65.43448033983093,63.05341797310783,61.81279489381294
65.86547414938357,67.30944226526474,67.87989254352092,64.61530312191648,65.75892586969435,63.377863502971245,62.13724042367636
66.18667522394836,67.63064333982952,68.20109361808571,64.93650419648127,66.08012694425913,63.69906457753604,62.45844149824114
66.50466428776751,67.94863240364866,68.51908268190485,65.25449326030039,66.39811600807828,64.01705364135518,62.7764305620603
66.81947346094846,68.2634415768296,68.8338918550858,65.56930243348137,66.71292518125922,64.33186281453612,63.091239735241246
67.1311345423976,68.57510265827875,69.14555293653494,65.8809635149305,67.02458626270837,64.64352389598527,63.40290081669038
67.43967901303225,68.8836471289134,69.45409740716958,66.18950798556514,67.33313073334301,64.95206836661993,63.711445287325034
67.74513803896055,69.1891061548417,69.75955643309788,66.49496701149346,67.63858975927131,65.25752739254823,64.01690431325333
68.04754247462957,69.49151059051071,70.0619608687669,66.79737144716246,67.94099419494033,65.55993182821724,64.31930874892237
68.34692286594189,69.79089098182304,70.36134126007923,67.0967518384748,68.24037458625266,65.85931221952957,64.61868914023468
68.64330945334109,70.08727756922225,70.65772784747844,67.393138425874,68.53676117365187,66.15569880692877,64.91507572763388
68.93673217486632,70.38070029074746,70.95115056900366,67.6865611473992,68.83018389517709,66.44912152845397,65.20849844915908
69.22722066917626,70.67118878505744,71.24163906331363,67.97704964170919,69.12067238948703,66.73961002276394,65.49898694346903
69.51480427854315,70.9587723944243,71.5292226726805,68.26463325107602,69.40825599885392,67.02719363213079,65.78657055283591
69.79951205181635,71.24348016769751,71.8139304459537,68.54934102434925,69.69296377212711,67.311901405404,66.0712783261091
70.08137274735682,71.52534086323797,72.09579114149417,68.8312017198897,69.97482446766759,67.59376210094447,66.35313902164957
70.36041483594188,71.80438295182304,72.37483323007923,69.11024380847478,70.25386655625265,67.87280418952955,66.63218111023464
70.6366665036411,72.08063461952226,72.65108489777845,69.38649547617398,70.53011822395186,68.14905585722875,66.90843277793385
70.91015565466333,72.35412377054448,72.92457404880066,69.6599846271962,70.80360737497409,68.42254500825096,67.18192192895606
71.18090991417532,72.62487803005646,73.19532830831265,69.93073888670821,71.07436163448608,68.69329926776298,67.45267618846806
71.44895663109219,72.89292474697334,73.46337502522954,70.19878560362508,71.34240835140295,68.96134598467985,67.72072290538496
71.71432288083989,73.15829099672105,73.72874127497724,70.4641518533728,71.60777460115065,69.22671223442757,67.98608915513266
71.97703546809012,73.42100358397127,73.99145386222746,70.72686444062302,71.87048718840089,69.48942482167779,68.2488017423829
72.23712092946785,73.681089045349,74.25153932360519,70.98694990200073,72.13057264977861,69.74951028305551,68.50888720376061
72.4946055362318,73.93857365211295,74.50902393036914,71.2444345087647,72.38805725654257,70.00699488981945,68.76637181052456
72.74951529692811,74.19348341280926,74.76393369106545,71.499344269461,72.64296701723887,70.26190465051577,69.02128157122087
73.00187596001746,74.4458440758986,75.0162943541548,71.75170493255035,72.89532768032822,70.51426531360511,69.27364223431022
73.2517130164759,74.69568113235705,75.26613141061324,72.0015419890088,73.14516473678667,70.76410237006358,69.52347929076868
73.49905170236977,74.94301981825092,75.5134700965071,72.24888067490267,73.39250342268053,71.01144105595743,69.77081797666256
73.7439170014047,75.18788511728583,75.75833539554202,72.49374597393758,73.63736872171546,71.25630635499236,70.01568327569748
73.98633364744926,75.4303017633304,76.0007520415866,72.73616261998217,73.87978536776002,71.49872300103695,70.25809992174206
74.22632612703339,75.67029424291454,76.24074452117073,72.97615509956628,74.11977784734415,71.73871548062107,70.4980924013262
74.46391868182167,75.90788679770283,76.47833707595903,73.21374765435456,74.35737040213243,71.97630803540933,70.73568495611447
74.69913531106208,76.14310342694324,76.71355370519944,73.44896428359496,74.59258703137284,72.21152466464973,70.97090158535485
74.93199977401008,76.37596788989124,76.94641816814743,73.68182874654298,74.82545149432084,72.44438912759776,71.20376604830285
75.16253559232862,76.60650370820977,77.17695398646596,73.91236456486149,75.05598731263939,72.67492494591626,71.43430186662138
75.39076605246396,76.83473416834511,77.4051844466013,74.14059502499686,75.28421777277472,72.90315540605164,71.66253232675672
75.61671420799794,77.06068232387909,77.63113260213528,74.36654318053084,75.51016592830871,73.12910356158561,71.88848048229073
75.84040288197659,77.28437099785774,77.85482127611392,74.59023185450948,75.73385460228735,73.35279223556427,72.11216915626937
76.06185466921545,77.5058227850966,78.07627306335279,74.81168364174835,75.95530638952621,73.5742440228031,72.33362094350821
76.28109193858192,77.72506005446307,78.29551033271926,75.03092091111482,76.17454365889269,73.79348129216957,72.55285821287467
76.49813683525471,77.94210495113586,78.51255522939208,75.24796580778762,76.39158855556548,74.01052618884239,72.76990310954749
76.71301128296079,78.15697939884195,78.72742967709816,75.46284025549369,76.60646300327156,74.22540063654844,72.98477755725355
76.9257369861898,78.36970510207098,78.94015538032717,75.6755659587227,76.81918870650057,74.43812633977747,73.19750326048256
77.13633543238656,78.58030354826771,79.1507538265239,75.88616440491943,77.02978715269732,74.6487247859742,73.4081017066793
77.34482789412132,78.78879601000246,79.35924628825865,76.0946568666542,77.23827961443209,74.85721724770899,73.61659416841407
77.55123543123872,78.99520354711987,79.56565382537606,76.30106440377162,77.44468715154949,75.06362478482639,73.82300170553148
77.75557889298496,79.1995470088661,79.7699972871223,76.50540786551787,77.64903061329572,75.26796824657262,74.02734516727773
77.95787892011373,79.40184703599488,79.97229731425107,76.70770789264664,77.8513306404245,75.4702682737014,74.2296451944065
78.15815594697122,79.60212406285237,80.17257434110857,76.9079849195041,78.05160766728198,75.67054530055889,74.42992222126398
78.35643020356014,79.8003983194413,80.37084859769749,77.10625917609303,78.2498819238709,75.86881955714779,74.6281964778529
78.55272171758317,79.99668983346433,80.56714011172052,77.30255069011605,78.44617343789393,76.06511107117082,74.82448799187591
78.74705031646597,80.19101843234712,80.76146871060331,77.49687928899887,78.64050203677674,76.25943967005362,75.01881659075872
78.93943562935993,80.38340374524107,80.95385402349729,77.68926460189283,78.8328873496707,76.4518249829476,75.2112019036527
79.12989708912494,80.57386520500611,81.14431548326233,77.87972606165785,79.0233488094357,76.64228644271263,75.40166336341773
79.31845393429232,80.7624220501735,81.33287232842972,78.0682829068252,79.2119056546031,76.83084328787999,75.59022020858511
79.50512521100805,80.94909332688923,81.51954360514542,78.25495418354093,79.39857693131881,77.0175145645957,75.7768914853008
79.68992977495662,81.13389789083777,81.70434816909396,78.43975874748949,79.58338149526739,77.20231912854425,75.96169604924934
79.87288629326568,81.31685440914683,81.88730468740302,78.62271526579859,79.76633801357646,77.38527564685334,76.14465256755841
80.05401324639165,81.4979813622728,82.06843164052898,78.80384221892454,79.94746496670241,77.56640259997933,76.32577952068442
80.23332892998637,81.6772970458675,82.2477473241237,78.98315790251925,80.12678065029714,77.74571828357402,76.50509520427914
80.41085145674514,81.85481957262627,82.42526985088246,79.16068042927803,80.3043031770559,77.92324081033279,76.68261773103788
80.58659875823628,82.03056687411745,82.60101715237364,79.3364277307692,80.48005047854707,78.09898811182397,76.85836503252906
80.76058858671257,82.20455670259372,82.77500698084991,79.51041755924544,80.65404030702335,78.27297794030022,77.03235486100533
80.93283851690406,82.3768066327852,82.94725691104139,79.68266748943695,80.82629023721482,78.44522787049175,77.20460479119683
81.10336594779363,82.54733406367481,83.117784341931,79.85319492032653,80.9968176681044,78.6157553013813,77.37513222208644
81.27218810437434,82.7161562202555,83.2866064985117,80.0220170769072,81.1656398246851,78.78457745796199,77.54395437866711
81.43932203938921,82.88329015527039,83.4537404335266,80.1891510119221,81.33277375969998,78.95171139297689,77.71108831368198
81.60478463505396,83.04875275093514,83.61920302919134,80.35461360758683,81.49823635536472,79.1171739886416,77.87655090934672
81.76859260476208,83.21256072064324,83.78301099889943,80.51842157729494,81.66204432507284,79.2809819583497,78.04035887905478
81.93076249477308,83.37473061065424,83.94518088891044,80.68059146730597,81.82421421508384,79.44315184836074,78.20252876906582
82.09131068588397,83.53527880176513,84.10572908002135,80.84113965841686,81.98476240619473,79.60370003947165,78.36307696017674
82.25025339508376,83.69422151096495,84.26467178922114,81.00008236761666,82.14370511539452,79.76264274867141,78.52201966937653
82.40760667719158,83.85157479307274,84.42202507132893,81.15743564972445,82.30105839750236,79.9199960307792,78.6793729514843
82.56338642647829,84.00735454235945,84.57780482061564,81.31321539901117,82.45683814678907,80.07577578006597,78.83515270077102
82.71760837827213,84.1615764941533,84.73202677240948,81.46743735080503,82.61106009858291,80.2299977318598,78.9893746525649
82.87028811054803,84.3142562264292,84.8847065046854,81.62011708308094,82.76373983085881,80.38267746413571,79.1420543848408
83.02144104550119,84.46540916138235,85.03585943963854,81.77127001803409,82.91489276581197,80.53383039908886,79.29320731979396
83.17108245110481,84.61505056698596,85.18550084524217,81.92091142363769,83.06453417141557,80.68347180469249,79.44284872539757
83.31922744265239,84.76319555853357,85.33364583678976,82.06905641518529,83.21267916296317,80.83161679624004,79.59099371694516
83.4658909842845,84.90985910016568,85.48030937842186,82.2157199568174,83.35934270459528,80.97828033787216,79.73765725857724
83.61108789050029,85.05505600638146,85.62550628463767,82.36091686303317,83.50453961081105,81.12347724408795,79.88285416479305
83.75483282765393,85.1988009435351,85.76925122179131,82.5046618001868,83.64828454796469,81.26722218124158,80.02659910194669
83.89714031543602,85.34110843131721,85.9115587095734,82.6469692879689,83.7905920357468,81.40952966902367,80.16890658972876
84.03802472834032,85.48199284422148,86.05244312247767,82.78785370087319,83.93147644865108,81.55041408192795,80.30979100263303
84.17750029711556,85.6214684129967,86.1919186912529,82.92732926964844,84.07095201742632,81.6898896507032,80.44926657140827
84.31558111020301,85.75954922608418,86.32999950434038,83.06541008273592,84.20903283051379,81.82797046379069,80.58734738449577
84.45228111515962,85.89624923104077,86.46669950929696,83.2021100876925,84.34573283547039,81.9646704687473,80.72404738945241
84.58761412006665,86.0315822359478,86.60203251420398,83.33744309259956,84.48106584037741,82.10000347365434,80.85938039435945
84.72159379492459,86.16556191080574,86.73601218906195,83.47142276745751,84.61504551523535,82.23398314851227,80.9933600692174
84.85423367303396,86.29820178891514,86.86865206717133,83.60406264556687,84.74768539334472,82.36662302662165,81.12599994732676
84.98554715236227,86.42951526824342,86.99996554649961,83.73537612489514,84.87899887267304,82.49793650594992,81.25731342665506
85.11554749689726,86.55951561277841,87.1299658910346,83.86537646943016,85.00899921720803,82.62793685048494,81.38731377119004
85.24424783798692,86.68821595386807,87.25866623212426,83.99407681051981,85.13769955829768,82.75663719157457,81.51601411227968
85.37166117566568,86.81562929154683,87.38607956980302,84.12149014819857,85.26511289597646,82.88405052925333,81.64342744995842
85.49780037996766,86.9417684958488,87.512218774105,84.24762935250055,85.39125210027842,83.01018973355532,81.7695666542604
85.62267819222659,87.06664630810774,87.63709658636395,84.3725071647595,85.51612991253735,83.13506754581428,81.89444446651937
85.74630722636294,87.19027534224412,87.76072562050031,84.49613619889584,85.63975894667371,83.25869657995061,82.01807350065575
85.86869997015796,87.31266808603911,87.8831183642953,84.61852894269084,85.76215169046873,83.38108932374561,82.14046624445072
85.989868786515,87.43383690239615,88.00428718065234,84.73969775904791,85.88332050682577,83.50225814010267,82.26163506080776
86.10982591470848,87.55379403058961,88.1242443088458,84.85965488724136,86.00327763501924,83.62221526829615,82.38159218900125
86.22858347161998,87.67255158750115,88.24300186575736,84.97841244415291,86.12203519193075,83.74097282520768,82.50034974591279
86.34615345296243,87.79012156884359,88.36057184709978,85.09598242549531,86.23960517327319,83.85854280655008,82.61791972725521
86.46254773449144,87.90651585037259,88.47696612862877,85.21237670702433,86.3559994548022,83.97493708807909,82.7343140087842
86.57777807320515,88.0217461890863,88.59219646734249,85.32760704573805,86.47122979351592,84.09016742679279,82.84954434749788
86.69185610853174,88.13582422441289,88.70627450266907,85.44168508106463,86.5853078288425,84.20424546211939,82.96362238282447
86.80479336350504,88.24876147938619,88.81921175764238,85.55462233603794,86.6982450838158,84.3171827170927,83.07655963779779
86.91660124592862,88.36056936180975,88.93101964006594,85.6664302184615,86.81005296623938,84.42899059951628,83.18836752022139
87.02729104952795,88.4712591654091,89.04170944366528,85.77712002206086,86.92074276983871,84.5396804031156,83.2990573238207
87.13687395509129,88.58084207097244,89.15129234922863,85.88670292762419,87.03032567540205,84.64926330867897,83.40864022938406
87.245361031599,88.68932914748015,89.25977942573635,85.99519000413189,87.13881275190975,84.75775038518665,83.51712730589178
87.35276323734162,88.7967313532228,89.367181631479,86.10259220987452,87.24621495765238,84.86515259092928,83.62452951163439
87.45909142102684,88.903059536908,89.4735098151642,86.20892039355971,87.3525431413376,84.97148077461449,83.7308576953196
87.56435632287521,89.00832443875638,89.57877471701256,86.3141852954081,87.45780804318598,85.07674567646285,83.83612259716794
87.66856857570508,89.11253669158624,89.68298696984245,86.41839754823798,87.56202029601585,85.18095792929276,83.94033484999784
87.77173870600667,89.21570682188782,89.78615710014401,86.52156767853954,87.66519042631744,85.28412805959431,84.04350498029945
87.87387713500523,89.31784525088638,89.88829552914257,86.62370610753813,87.767328855316,85.3862664885929,84.14564340929799
87.9749941797138,89.41896229559495,89.98941257385114,86.7248231522467,87.86844590002457,85.48738353330145,84.24676045400656
88.07510005397529,89.51906816985644,90.08951844811263,86.82492902650819,87.96855177428607,85.58748940756296,84.34686632826805
88.17420486949416,89.61817298537531,90.1886232636315,86.92403384202706,88.06765658980493,85.68659422308183,84.44597114378692
88.27231863685785,89.716286752739,90.28673703099518,87.02214760939073,88.16577035716861,85.78470799044551,84.54408491115062
88.36945126654788,89.81341938242903,90.38386966068525,87.11928023908078,88.26290298685865,85.88184062013556,84.64121754084066
88.46561256994103,89.9095806858222,90.4800309640784,87.21544154247393,88.35906429025181,85.9780019235287,84.73737884423382
88.56081226030027,90.00478037618142,90.5752306544376,87.31064123283315,88.45426398061103,86.07320161388792,84.83257853459301
88.6550599537559,90.09902806963703,90.66947834789322,87.40488892628878,88.54851167406666,86.16744930734356,84.92682622804864
88.74836517027693,90.19233328615809,90.7627835644143,87.49819414280985,88.64181689058769,86.26075452386462,85.02013144456973
88.8407373346328,90.28470545051397,90.85515572877016,87.59056630716569,88.73418905494357,86.35312668822044,85.11250360892556
88.9321857773451,90.37615389322627,90.94660417148246,87.682014749878,88.82563749765586,86.44457513093276,85.20395205163784
89.02271973563029,90.46668785151144,91.03713812976764,87.77254870816316,88.91617145594105,86.53510908921793,85.29448600992303
89.11234835433261,90.55631647021377,91.12676674846996,87.8621773268655,89.00580007464337,86.62473770792027,85.38411462862535
89.2010806868479,90.64504880272908,91.21549908098528,87.9509096593808,89.09453240715867,86.71347004043557,85.47284696114068
89.28892569603808,90.73289381191923,91.30334409017541,88.03875466857095,89.18237741634884,86.80131504962573,85.56069197033084
89.37589225513632,90.81986037101747,91.39031064927366,88.12572122766922,89.26934397544709,86.88828160872399,85.64765852942908
89.46198914864358,90.90595726452472,91.4764075427809,88.21181812117646,89.35544086895435,86.97437850223126,85.73375542293637
89.54722507321576,90.9911931890969,91.5616434673531,88.29705404574867,89.44067679352652,87.05961442680345,85.81899134750857
89.63160863854222,91.07557675442337,91.64602703267957,88.38143761107511,89.52506035885298,87.14399799212988,85.90337491283502
89.71514836821542,91.15911648409659,91.72956676235277,88.46497734074832,89.60860008852619,87.22753772180307,85.9869146425082
89.79785270059189,91.24182081647305,91.81227109472925,88.54768167312479,89.69130442090265,87.31024205417955,86.06961897488465
89.87972998964459,91.32369810552576,91.89414838378197,88.62955896217748,89.77318170995535,87.39211934323225,86.15149626393736
89.96078850580678,91.40475662168794,91.97520689994415,88.71061747833966,89.85424022611754,87.47317785939444,86.23255478009955
90.04103643680735,91.48500455268852,92.05545483094471,88.79086540934023,89.93448815711811,87.553425790395,86.3128027111001
90.12048188849792,91.56445000437907,92.13490028263526,88.8703108610308,90.01393360880868,87.63287124208554,86.39224816279064
90.19913288567156,91.64310100155271,92.2135512798089,88.94896185820446,90.09258460598232,87.71152223925921,86.47089915996428
90.27699737287348,91.72096548875462,92.2914157670108,89.02682634540638,90.17044909318425,87.78938672646113,86.54876364716623
90.35408321520336,91.79805133108451,92.3685016093407,89.10391218773627,90.24753493551412,87.86647256879101,86.6258494894961
90.43039819910993,91.87436631499111,92.44481659324731,89.18022717164285,90.3238499194207,87.94278755269761,86.7021644734027
90.50595003317748,91.94991814905863,92.52036842731484,89.25577900571035,90.39940175348825,88.01833938676512,86.77771630747024
90.58074634890433,92.02471446478549,92.59516474304168,89.33057532143722,90.47419806921509,88.09313570249199,86.85251262319707
90.65479470147392,92.09876281735507,92.66921309561125,89.40462367400681,90.5482464217847,88.16718405506157,86.92656097576668
90.7281025705178,92.17207068639897,92.74252096465516,89.4779315430507,90.62155429082858,88.24049192410547,86.99986884481056
90.80067736087125,92.24464547675242,92.81509575500861,89.55050633340416,90.69412908118203,88.31306671445893,87.07244363516402
90.87252640332117,92.31649451920234,92.88694479745854,89.62235537585404,90.76597812363194,88.38491575690884,87.14429267761395
90.9436569553466,92.38762507122776,92.95807534948395,89.69348592787948,90.83710867565736,88.45604630893425,87.21542322963936
91.01407620185175,92.4580443177329,93.02849459598912,89.76390517438465,90.90752792216252,88.52646555543943,87.28584247614452
91.08379125589185,92.52775937177302,93.09820965002923,89.83362022842475,90.97724297620262,88.59618060947953,87.35555753018464
91.15280915939157,92.59677727527274,93.16722755352896,89.90263813192445,91.04626087970233,88.66519851297923,87.42457543368435
91.22113688385629,92.66510499973747,93.23555527799368,89.97096585638916,91.11458860416705,88.73352623744395,87.49290315814906
91.28878133107638,92.73274944695754,93.30319972521376,90.03861030360925,91.18223305138714,88.80117068466403,87.56054760536914
91.35574933382424,92.79971744970541,93.37016772796161,90.10557830635713,91.249201054135,88.8681386874119,87.627515608117
91.42204765654463,92.8660157724258,93.436466050682,90.1718766290775,91.3154993768554,88.93443701013229,87.69381393083738
91.48768299603782,92.93165111191898,93.50210139017518,90.2375119685707,91.38113471634858,89.00007234962547,87.75944927033056
91.55266198213607,92.99663009801725,93.56708037627344,90.30249095466895,91.44611370244685,89.06505133572372,87.82442825642882
91.61699117837335,93.0609592942545,93.63140957251072,90.36682015090622,91.51044289868412,89.129380531961,87.88875745266608
91.68067708264823,93.12464519852942,93.69509547678561,90.43050605518113,91.57412880295901,89.19306643623591,87.952443356941
91.74372612788041,93.18769424376157,93.75814452201777,90.49355510041326,91.63717784819117,89.25611548146806,88.01549240217317
91.80614468266023,93.2501127985414,93.8205630767976,90.55597365519311,91.699596402971,89.31853403624788,88.07791095695298
91.86793905189225,93.31190716777343,93.88235744602963,90.61776802442515,91.76139077220301,89.38032840547993,88.13970532618502
91.92911547743198,93.37308359331313,93.94353387156934,90.67894444996485,91.82256719774274,89.44150483101963,88.20088175172475
91.98968013871627,93.43364825459746,94.00409853285366,90.73950911124918,91.88313185902703,89.50206949230395,88.26144641300904
92.04963915338777,93.49360726926892,94.06405754752512,90.79946812592063,91.94309087369852,89.5620285069754,88.32140542768052
92.10899857791252,93.55296669379366,94.12341697204988,90.85882755044541,92.00245029822328,89.62138793150017,88.38076485220526
92.16776440819201,93.61173252407319,94.18218280232938,90.91759338072492,92.06121612850278,89.68015376177968,88.43953068248477
92.22594258016873,93.66991069604988,94.2403609743061,90.9757715527016,92.1193943004795,89.73833193375638,88.4977088544615
92.28353897042567,93.72750708630684,94.29795736456303,91.03336794295858,92.17699069073643,89.79592832401332,88.55530524471841
92.34055939678005,93.7845275126612,94.35497779091742,91.09038836931292,92.23401111709082,89.85294875036769,88.61232567107277
92.39700961887085,93.84097773475204,94.41142801300826,91.14683859140376,92.29046133918162,89.90939897245855,88.6687758931636
92.4528953387408,93.89686345462198,94.46731373287818,91.20272431127366,92.34634705905157,89.96528469232844,88.72466161303356
92.50822220141205,93.9521903172932,94.52264059554939,91.25805117394492,92.40167392172282,90.02061155499968,88.77998847570476
92.56299579545656,94.0069639113377,94.5774141895939,91.31282476798945,92.45644751576732,90.07538514904421,88.83476206974929
92.61722165356062,94.06118976944177,94.63164004769796,91.36705062609352,92.51067337387138,90.12961100714827,88.88898792785336
92.67090525308363,94.1148733689648,94.68532364722098,91.42073422561653,92.5643569733944,90.1832946066713,88.94267152737638
92.72405201661144,94.16802013249259,94.73847041074877,91.47388098914432,92.6175037369222,90.23644137019907,88.99581829090418
92.77666731250395,94.2206354283851,94.79108570664128,91.52649628503684,92.67011903281471,90.28905666609162,89.0484335867967
92.82875645543753,94.27272457131868,94.84317484957486,91.57858542797044,92.72220817574829,90.34114580902519,89.1005227297303
92.88032470694178,94.32429282282293,94.89474310107911,91.63015367947467,92.77377642725254,90.39271406052946,89.15209098123456
92.93137727593097,94.37534539181213,94.94579567006834,91.68120624846387,92.82482899624173,90.44376662951865,89.20314355022377
92.9819193192303,94.42588743511146,94.99633771336765,91.73174829176318,92.87537103954106,90.49430867281797,89.25368559352309
93.03195594209662,94.47592405797779,95.046374336234,91.78178491462951,92.92540766240738,90.54434529568428,89.30372221638939
93.0814921987343,94.52546031461546,95.09591059287165,91.83132117126718,92.97494391904506,90.59388155232193,89.35325847302703
93.13053309280559,94.57450120868674,95.14495148694293,91.88036206533846,93.02398481311636,90.64292244639324,89.40229936709832
93.17908357793615,94.6230516938173,95.19350197207349,91.92891255046905,93.07253529824692,90.69147293152382,89.4508498522289
93.22714855821543,94.67111667409657,95.24156695235276,91.97697753074831,93.1206002785262,90.73953791180308,89.49891483250819
93.27473288869189,94.71870100457303,95.28915128282922,92.0245618612248,93.16818460900265,90.78712224227958,89.54649916298467
93.32184137586358,94.76580949174473,95.33625977000095,92.0716703483965,93.21529309617434,90.83423072945126,89.59360765015639
93.36847877816358,94.81244689404474,95.38289717230096,92.11830775069646,93.26193049847434,90.88086813175123,89.64024505245636
93.41464980644056,94.85861792232174,95.42906820057794,92.16447877897346,93.30810152675133,90.92703916002823,89.68641608073332
93.4603591244348,94.90432724031598,95.47477751857217,92.21018809696767,93.35381084474557,90.97274847802244,89.73212539872755
93.5056113492491,94.94957946513026,95.52002974338646,92.25544032178196,93.39906306955986,91.01800070283676,89.77737762354184
93.55041105181523,94.9943791676964,95.5648294459526,92.30024002434811,93.44386277212601,91.06280040540288,89.82217732610799
93.59476275735572,95.03873087323689,95.60918115149308,92.3445917298886,93.48821447766649,91.10715211094337,89.86652903164845
93.6386709458408,95.08263906172195,95.65308933997814,92.3884999183737,93.53212266615157,91.15106029942845,89.91043722013355
93.68214005244101,95.12610816832216,95.69655844657835,92.43196902497391,93.57559177275178,91.19452940602869,89.95390632673377
93.72517446797521,95.16914258385637,95.73959286211259,92.47500344050812,93.61862618828597,91.2375638215629,89.99694074226801
93.7677785393541,95.21174665523526,95.78219693349145,92.51760751188698,93.66123025966486,91.28016789294176,90.03954481364688
93.8099565700192,95.25392468590034,95.82437496415653,92.55978554255208,93.70340829032996,91.32234592360686,90.08172284431197
93.85171282037763,95.29568093625878,95.86613121451497,92.60154179291051,93.74516454068839,91.3641021739653,90.12347909467042
93.89305150823247,95.33701962411362,95.90746990236981,92.64288048076538,93.78650322854324,91.40544086182015,90.16481778252528
93.93397680920876,95.3779449250899,95.94839520334612,92.68380578174168,93.82742852951952,91.44636616279644,90.20574308350156
93.97449285717529,95.41846097305645,95.98891125131264,92.72432182970819,93.86794457748606,91.48688221076297,90.2462591314681
94.01460374466217,95.45857186054333,96.02902213879953,92.76443271719505,93.90805546497293,91.52699309824983,90.28637001895494
94.05431352327417,95.49828163915534,96.06873191741155,92.80414249580706,93.94776524358494,91.56670287686184,90.32607979756695
94.09362620410008,95.53759431998125,96.10804459823744,92.84345517663296,93.98707792441084,91.60601555768771,90.36539247839282
94.13254575811771,95.57651387399888,96.14696415225508,92.88237473065058,94.02599747842848,91.64493511170537,90.40431203241046
94.17107611659517,95.61504423247634,96.18549451073252,92.92090508912807,94.06452783690594,91.68346547018282,90.44284239088792
94.20922117148784,95.65318928736902,96.22363956562522,92.95905014402074,94.1026728917986,91.7216105250755,90.4809874457806
94.2469847758316,95.69095289171278,96.26140316996897,92.99681374836447,94.14043649614237,91.75937412941924,90.51875105012435
94.28437074413192,95.72833886001308,96.29878913826929,93.0341997166648,94.1778224644427,91.79676009771957,90.55613701842465
94.32138285274922,95.7653509686304,96.3358012468866,93.0712118252821,94.21483457305999,91.8337722063369,90.593149127042
94.35802484028036,95.80199295616154,96.37244323441774,93.10785381281325,94.25147656059113,91.87041419386803,90.62979111457314
94.3943004079362,95.83826852381736,96.40871880207357,93.14412938046908,94.28775212824698,91.90668976152385,90.66606668222896
94.43021321991546,95.87418133579665,96.44463161405284,93.18004219244835,94.32366494022624,91.94260257350314,90.70197949420822
94.46576690377496,95.90973501965613,96.48018529791231,93.21559587630783,94.35921862408574,91.9781562573626,90.73753317806771
94.50096505079586,95.944933166677,96.51538344493319,93.25079402332874,94.39441677110662,92.0133544043835,90.77273132508857
94.53581121634653,95.97977933222768,96.55022961048387,93.28564018887943,94.4292629366573,92.04820056993418,90.80757749063928
94.57030892024169,96.01427703612283,96.58472731437905,93.32013789277458,94.46376064055245,92.08269827382937,90.84207519453446
94.60446164709789,96.04842976297907,96.61888004123526,93.3542906196308,94.49791336740867,92.11685100068556,90.87622792139068
94.63827284668557,96.08224096256671,96.6526912408229,93.38810181921843,94.53172456699633,92.15066220027323,90.91003912097833
94.67174593427733,96.11571405015847,96.68616432841469,93.42157490681022,94.56519765458809,92.184135287865,90.94351220857011
94.70488429099318,96.14885240687435,96.71930268513054,93.45471326352607,94.59833601130394,92.21727364458087,90.97665056528598
94.73769126414189,96.18165938002304,96.75210965827925,93.48752023667475,94.63114298445265,92.25008061772954,91.00945753843466
94.77017016755909,96.21413828344026,96.78458856169645,93.519999140092,94.66362188786985,92.28255952114674,91.04193644185185
94.80232428194215,96.2462923978233,96.81674267607949,93.55215325447502,94.69577600225291,92.31471363552978,91.07409055623488
94.83415685518133,96.27812497106251,96.8485752493187,93.58398582771424,94.72760857549211,92.34654620876901,91.10592312947409
94.86567110268815,96.30963921856932,96.88008949682552,93.61550007522104,94.75912282299892,92.37806045627582,91.13743737698093
94.8968702077199,96.34083832360108,96.91128860185728,93.64669918025278,94.79032192803066,92.40925956130755,91.16863648201266
94.92775732170135,96.3717254375825,96.94217571583869,93.67758629423422,94.82120904201211,92.44014667528899,91.1995235959941
94.95833556454295,96.40230368042413,96.97275395868031,93.70816453707585,94.85178728485371,92.47072491813061,91.2301018388357
94.98860802495618,96.43257614083733,97.00302641909354,93.73843699748905,94.88205974526694,92.50099737854379,91.2603742992489
95.01857776076524,96.4625458766464,97.03299615490262,93.76840673329814,94.912029481076,92.53096711435289,91.29034403505794
95.04824779921623,96.49221591509739,97.0626661933536,93.79807677174911,94.94169951952699,92.56063715280388,91.32001407350896
95.07762113728269,96.52158925316388,97.09203953142008,93.82745010981557,94.97107285759346,92.59001049087036,91.34938741157545
95.10670074196852,96.5506688578497,97.12111913610589,93.85652971450139,95.00015246227929,92.61909009555615,91.37846701626125
95.13548955060747,96.57945766648864,97.14990794474484,93.88531852314036,95.02894127091824,92.64787890419512,91.40725582490018
95.16399047116002,96.6079585870412,97.1784088652974,93.91381944369292,95.05744219147078,92.67637982474768,91.43575674545276
95.19220638250705,96.63617449838821,97.20662477664443,93.94203535503993,95.08565810281782,92.70459573609472,91.46397265679983
95.22014013474062,96.6641082506218,97.23455852887798,93.96996910727351,95.11359185505138,92.73252948832827,91.49190640903338
95.24779454945187,96.69176266533302,97.26221294358922,93.99762352198474,95.14124626976263,92.76018390303949,91.51956082374458
95.27517242001598,96.71914053589713,97.28959081415331,94.02500139254886,95.16862414032674,92.78756177360361,91.54693869430868
95.30227651187444,96.74624462775559,97.31669490601178,94.05210548440735,95.1957282321852,92.8146658654621,91.57404278616718
95.32910956281431,96.77307767869546,97.34352795695168,94.0789385353472,95.22256128312507,92.84149891640199,91.6008758371071
95.3556742832448,96.79964239912596,97.37009267738216,94.10550325577768,95.24912600355557,92.86806363683245,91.62744055753757
95.38197335647098,96.82594147235216,97.39639175060834,94.13180232900388,95.27542507678174,92.89436271005863,91.65373963076372
95.40800943896491,96.85197755484606,97.42242783310228,94.15783841149778,95.30146115927568,92.92039879255256,91.67977571325765
95.43378516063389,96.87775327651505,97.44820355477127,94.18361413316677,95.32723688094465,92.94617451422155,91.70555143492665
95.4593031250862,96.90327124096736,97.47372151922355,94.20913209761908,95.35275484539696,92.97169247867383,91.73106939937892
95.48456590989396,96.92853402577512,97.49898430403132,94.23439488242684,95.37801763020472,92.99695526348162,91.7563321841867
95.50957606685364,96.9535441827348,97.52399446099102,94.25940503938654,95.4030277871644,93.02196542044132,91.78134234114641
95.53433612224373,96.9783042381249,97.54875451638112,94.28416509477661,95.4277878425545,93.04672547583141,91.80610239653652
95.55884857707994,97.00281669296112,97.57326697121731,94.30867754961282,95.4523002973907,93.07123793066758,91.83061485137269
95.5831159073678,97.02708402324895,97.59753430150514,94.33294487990067,95.47656762767856,93.09550526095542,91.8548821816605
95.60714056435275,97.0511086802339,97.62155895849008,94.35696953688564,95.50059228466351,93.11952991794038,91.87890683864546
95.63092497476784,97.07489309064901,97.6453433689052,94.38075394730075,95.52437669507862,93.1433143283555,91.90269124906058
95.65447154107879,97.09843965695995,97.66888993521616,94.40430051361167,95.54792326138956,93.16686089466646,91.92623781537155
95.67778264172664,97.12175075760778,97.692201035864,94.42761161425952,95.5712343620374,93.1901719953143,91.94954891601941
95.70086063136799,97.14482874724918,97.71527902550537,94.4506896039009,95.59431235167875,93.21324998495567,91.97262690566077
95.72370784111297,97.16767595699412,97.73812623525032,94.47353681364582,95.61715956142372,93.23609719470059,91.99547411540571
95.74632657876045,97.19029469464162,97.76074497289783,94.49615555129334,95.63977829907121,93.25871593234811,92.0180928530532
95.7687191290315,97.21268724491264,97.78313752316886,94.51854810156435,95.66217084934226,93.28110848261915,92.04048540332425
95.7908877537998,97.23485586968098,97.80530614793719,94.54071672633269,95.68433947411056,93.30327710738746,92.06265402809255
95.81283469232045,97.25680280820163,97.82725308645782,94.56266366485332,95.70628641263124,93.32522404590809,92.0846009666132
95.83456216145588,97.27853027733705,97.84898055559324,94.58439113398876,95.72801388176666,93.34695151504356,92.10632843574861
95.85607235589995,97.3000404717811,97.87049075003732,94.60590132843284,95.74952407621072,93.36846170948763,92.12783863019271
95.87736744839958,97.32133556428076,97.89178584253695,94.62719642093248,95.77081916871035,93.38975680198723,92.14913372269234
95.89844958997423,97.34241770585537,97.91286798411159,94.6482785625071,95.791901310285,93.41083894356188,92.17021586426698
95.9193209101331,97.36328902601427,97.93373930427049,94.669149882666,95.81277263044386,93.43171026372079,92.19108718442588
95.9399835170904,97.38395163297159,97.95440191122779,94.68981248962328,95.83343523740116,93.45237287067806,92.21174979138318
95.96043949797814,97.40440761385932,97.97485789211551,94.71026847051101,95.85389121828891,93.47282885156578,92.23220577227089
95.98069091905701,97.42465903493816,97.99510931319435,94.73051989158989,95.87414263936778,93.49308027264465,92.25245719334973
96.00073982592507,97.44470794180621,98.0151582200624,94.75056879845796,95.89419154623583,93.51312917951272,92.2725061002178
96.02058824372443,97.46455635960561,98.0350066378618,94.77041721625733,95.9140399640352,93.5329775973121,92.29235451801719
96.04023817734584,97.48420629322699,98.05465657148318,94.79006714987871,95.93368989765662,93.55262753093348,92.31200445163859
96.05969161163102,97.50365972751216,98.07411000576835,94.8095205841639,95.95314333194179,93.57208096521867,92.33145788592375
96.07895051157332,97.52291862745447,98.09336890571069,94.82877948410622,95.97240223188409,93.59133986516102,92.35071678586611
96.0980168225162,97.54198493839738,98.1124352166536,94.84784579504911,95.99146854282696,93.61040617610388,92.36978309680902
96.11689247034968,97.56086058623086,98.13131086448706,94.86672144288255,96.01034419066045,93.62928182393733,92.38865874464244
96.13557936170484,97.57954747758599,98.14999775584221,94.88540833423771,96.0290310820156,93.64796871529245,92.40734563599756
96.1540793841464,97.59804750002758,98.1684977782838,94.90390835667931,96.04753110445716,93.66646873773408,92.42584565843914
96.1723944063636,97.61636252224476,98.18681280050097,94.92222337889645,96.06584612667436,93.68478375995122,92.44416068065632
96.19052627835859,97.63449439423977,98.20494467249598,94.94035525089147,96.08397799866935,93.70291563194623,92.4622925526513
96.20847683163366,97.65244494751482,98.22289522577104,94.95830580416653,96.10192855194443,93.72086618522127,92.48024310592636
96.22624787937596,97.67021599525714,98.24066627351333,94.97607685190886,96.11969959968673,93.73863723296361,92.49801415366866
96.24384121664085,97.687809332522,98.25825961077821,94.99367018917371,96.13729293695161,93.75623057022848,92.51560749093356
96.26125862053306,97.70522673641422,98.27567701467044,95.01108759306595,96.15471034084382,93.77364797412073,92.53302489482579
96.27850185038636,97.72246996626754,98.29292024452373,95.02833082291924,96.17195357069714,93.79089120397401,92.55026812467914
96.29557264794116,97.7395407638223,98.3099910420785,95.04540162047402,96.18902436825192,93.8079620015288,92.56733892223387
96.31247273752038,97.75644085340151,98.3268911316577,95.06230171005328,96.20592445783114,93.82486209110803,92.58423901181311
96.32920382620378,97.77317194208496,98.34362222034115,95.0790327987367,96.22265554651456,93.84159317979146,92.60097010049655
96.3457676040004,97.78973571988155,98.36018599813774,95.09559657653327,96.23921932431116,93.85815695758804,92.61753387829313
96.36216574401902,97.80613385990017,98.37658413815636,95.1119947165519,96.25561746432979,93.87455509760666,92.63393201831174
96.37839990263745,97.8223680185186,98.39281829677479,95.12822887517035,96.27185162294822,93.89078925622512,92.65016617693018
96.3944717196697,97.83843983555086,98.40889011380706,95.14430069220259,96.28792343998046,93.90686107325737,92.66623799396247
96.41038281853162,97.8543509344128,98.42480121266901,95.16021179106451,96.30383453884238,93.9227721721193,92.6821490928244
96.42613480640496,97.87010292228612,98.44055320054234,95.17596377893783,96.31958652671572,93.9385241599926,92.69790108069772
96.44172927439955,97.88569739028073,98.45614766853691,95.19155824693243,96.33518099471031,93.95411862798719,92.71349554869228
96.4571677977142,97.90113591359535,98.47158619185154,95.20699677024707,96.35061951802497,93.96955715130184,92.72893407200692
96.47245193579569,97.91642005167684,98.48687032993303,95.22228090832857,96.36590365610645,93.98484128938335,92.74421821008842
96.48758323249638,97.93155134837751,98.5020016266337,95.23741220502926,96.38103495280714,93.99997258608401,92.75934950678912
96.50256321623004,97.94653133211118,98.51698161036737,95.25239218876294,96.39601493654081,94.0149525698177,92.77432949052277
96.51739340012637,97.96136151600751,98.5318117942637,95.26722237265928,96.41084512043713,94.02978275371403,92.78915967441912
96.53207528218374,97.97604339806487,98.54649367632106,95.28190425471662,96.4255270024945,94.04446463577139,92.80384155647648
96.5466103454205,97.99057846130167,98.56102873955787,95.29643931795341,96.44006206573127,94.05899969900818,92.81837661971328
96.56100005802492,98.0049681739061,98.57541845216231,95.31082903055781,96.45445177833568,94.0733894116126,92.8327663323177
96.5752458735033,98.0192139893845,98.5896642676407,95.32507484603617,96.46869759381407,94.08763522709097,92.84701214779608
96.58934923082693,98.03331734670809,98.60376762496429,95.33917820335978,96.48280095113769,94.10173858441456,92.86111550511967
96.60331155457729,98.04727967045845,98.61772994871467,95.35314052711017,96.49676327488805,94.11570090816492,92.87507782887
96.61713425509014,98.06110237097133,98.63155264922753,95.36696322762303,96.5105859754009,94.1295236086778,92.8889005293829
96.63081872859789,98.07478684447906,98.64523712273525,95.38064770113075,96.52427044890868,94.14320808218552,92.90258500289063
96.64436635737054,98.0883344732517,98.65878475150791,95.39419532990343,96.53781807768132,94.15675571095822,92.91613263166329
96.65777850985549,98.10174662573664,98.67219690399283,95.40760748238836,96.55123023016625,94.17016786344314,92.92954478414823
96.67105654081556,98.1150246566967,98.6854749349529,95.42088551334845,96.56450826112632,94.18344589440323,92.94282281510831
96.68420179146602,98.12816990734717,98.69862018560337,95.43403076399892,96.57765351177679,94.19659114505369,92.95596806575881
96.69721558961,98.14118370549114,98.71163398374733,95.44704456214289,96.59066730992076,94.20960494319765,92.96898186390275
96.71009924977254,98.15406736565369,98.72451764390988,95.45992822230542,96.6035509700833,94.22248860336018,92.98186552406527
96.72285407333345,98.1668221892146,98.73727246747079,95.47268304586635,96.61630579364422,94.2352434269211,92.99462034762618
96.73548134865874,98.17944946453989,98.74989974279606,95.48531032119163,96.6289330689695,94.24787070224642,93.00724762295151
96.74798235123077,98.19195046711191,98.7624007453681,95.49781132376367,96.64143407154154,94.26037170481845,93.01974862552356
96.76035834377706,98.20432645965823,98.77477673791444,95.51018731630998,96.65381006408785,94.27274769736475,93.03212461806987
96.77261057639794,98.2165786922791,98.78702897053529,95.52243954893082,96.66606229670872,94.2849999299856,93.04437685069071
96.7847402866926,98.22870840257374,98.79915868082993,95.53456925922548,96.67819200700336,94.29712964028027,93.05650656098537
96.7967486998843,98.24071681576545,98.81116709402164,95.5465776724172,96.69020042019507,94.30913805347195,93.06851497417706
96.80863702894409,98.25260514482525,98.82305542308144,95.55846600147697,96.70208874925487,94.32102638253174,93.08040330323684
96.8204064747133,98.26437459059444,98.83482486885066,95.57023544724616,96.71385819502406,94.33279582830093,93.09217274900601
96.83205822602478,98.27602634190595,98.84647662016216,95.58188719855768,96.72550994633555,94.34444757961245,93.10382450031751
96.84359345982317,98.28756157570434,98.85801185396053,95.59342243235606,96.73704518013393,94.35598281341082,93.11535973411591
96.8550133412836,98.29898145716473,98.86943173542093,95.60484231381645,96.74846506159437,94.36740269487122,93.12677961557631
96.86631902392936,98.31028713981051,98.8807374180667,95.61614799646227,96.75977074424013,94.37870837751706,93.13808529822211
96.8775116497487,98.32147976562985,98.89193004388603,95.6273406222816,96.77096337005946,94.38990100333636,93.14927792404147
96.88859234930983,98.332560465191,98.90301074344718,95.63842132184274,96.78204406962061,94.4009817028975,93.1603586236026
96.89956224187537,98.34353035775653,98.91398063601272,95.64939121440825,96.79301396218615,94.41195159546304,93.17132851616813
96.91042243551526,98.3543905513964,98.92484082965262,95.66025140804813,96.80387415582602,94.42281178910294,93.18218870980803
96.92117402721873,98.3651421430999,98.93559242135609,95.67100299975162,96.81462574752949,94.43356338080639,93.19294030151151
96.93181810300518,98.37578621888635,98.94623649714254,95.68164707553807,96.82526982331595,94.44420745659284,93.20358437729794
96.94235573803375,98.38632385391492,98.95677413217112,95.69218471056665,96.83580745834452,94.45474509162142,93.21412201232651
96.95278799671206,98.39675611259322,98.96720639084943,95.70261696924493,96.84623971702283,94.46517735029971,93.22455427100482
96.96311593280357,98.40708404868474,98.97753432694093,95.71294490533647,96.85656765311434,94.47550528639121,93.2348822070963
96.97334058953417,98.41730870541532,98.98775898367151,95.72316956206707,96.86679230984494,94.48572994312181,93.2451068638269
96.98346299969745,98.42743111557861,98.9978813938348,95.73329197223035,96.87691472000822,94.49585235328512,93.25522927399018
96.99348418575912,98.43745230164026,99.00790257989645,95.743313158292,96.88693590606988,94.50587353934677,93.26525046005186
97.00340515996015,98.44737327584131,99.0178235540975,95.75323413249305,96.89685688027093,94.5157945135478,93.2751714342529
97.0132269244192,98.45719504030033,99.02764531855652,95.76305589695208,96.90667864472996,94.52561627800685,93.28499319871193
97.02295047123361,98.46691858711476,99.03736886537098,95.77277944376652,96.91640219154438,94.5353398248213,93.2947167455264
97.0325767825799,98.47654489846109,99.04699517671729,95.7824057551128,96.92602850289067,94.54496613616757,93.3043430568727
97.04210683081276,98.48607494669392,99.05652522495014,95.79193580334562,96.93555855112352,94.5544961844004,93.31387310510551
97.05154157856327,98.49550969444445,99.06595997270064,95.80137055109616,96.94499329887404,94.56393093215091,93.323307852856
97.0608819788363,98.50485009471744,99.07530037297363,95.81071095136917,96.95433369914707,94.57327133242393,93.33264825312901
97.07012897510656,98.5140970909877,99.08454736924392,95.81995794763945,96.96358069541732,94.58251832869422,93.34189524939929
97.07928350141412,98.52325161729529,99.09370189555148,95.82911247394702,96.97273522172489,94.59167285500178,93.35104977570688
97.0883464824586,98.53231459833975,99.10276487659597,95.8381754549915,96.98179820276937,94.60073583604628,93.36011275675138
97.09731883369264,98.54128694957382,99.11173722783002,95.84714780622554,96.9907705540034,94.60970818728032,93.36908510798543
97.10620146141437,98.55016957729553,99.12061985555172,95.85603043394724,96.99965318172514,94.618590815002,93.37796773570712
97.11499526285886,98.55896337874002,99.12941365699622,95.86482423539174,97.00844698316962,94.6273846164465,93.3867615371516
97.1237011262889,98.56766924217007,99.13811952042626,95.87353009882179,97.01715284659967,94.63609047987654,93.39546740058164
97.13231993108465,98.5762880469658,99.14673832522199,95.88214890361755,97.02577165139542,94.6447092846723,93.40408620537738
97.14085254783242,98.58482066371359,99.15527094196977,95.89068152036533,97.03430426814319,94.65324190142007,93.41261882212517
97.14929983841273,98.59326795429389,99.16371823255008,95.89912881094563,97.0427515587235,94.66168919200038,93.42106611270547
97.15766265608724,98.60163077196839,99.17208105022458,95.90749162862014,97.051114376398,94.67005200967489,93.42942893037997
97.165941845585,98.60990996146616,99.18036023972235,95.91577081811789,97.05939356589577,94.67833119917265,93.43770811987774
97.17413824318777,98.61810635906895,99.18855663732514,95.92396721572068,97.06758996349855,94.68652759677545,93.44590451748053
97.18225267681453,98.62622079269569,99.1966710709519,95.93208164934741,97.07570439712529,94.6946420304022,93.4540189511073
97.19028596610502,98.63425408198619,99.20470436024237,95.9401149386379,97.08373768641579,94.70267531969269,93.46205224039781
97.19823892250261,98.64220703838376,99.21265731663995,95.94806789503549,97.09169064281338,94.71062827609026,93.47000519679537
97.2061123493362,98.65008046521736,99.22053074347356,95.95594132186909,97.09956406964696,94.71850170292387,93.47787862362897
97.21390704190146,98.65787515778263,99.22832543603884,95.96373601443435,97.10735876221223,94.72629639548913,93.48567331619425
97.22162378754109,98.66559190342225,99.23604218167844,95.97145276007397,97.11507550785186,94.73401314112874,93.49339006183385
97.22926336572432,98.67323148160547,99.24368175986166,95.9790923382572,97.12271508603509,94.74165271931196,93.50102964001707
97.23682654812569,98.68079466400685,99.25124494226306,95.98665552065859,97.13027826843646,94.74921590171337,93.50859282241845
97.24431409870307,98.68828221458423,99.25873249284042,95.99414307123595,97.13776581901384,94.75670345229072,93.51608037299583
97.25172677377468,98.69569488965584,99.26614516791203,96.00155574630756,97.14517849408543,94.76411612736233,93.52349304806742
97.25906532209555,98.7030334379767,99.27348371623292,96.00889429462845,97.15251704240632,94.77145467568322,93.53083159638832
97.26633048493323,98.7102986008144,99.28074887907059,96.01615945746613,97.159782205244,94.77871983852089,93.538096759226
97.27352299614255,98.7174911120237,99.28794139027988,96.02335196867543,97.16697471645331,94.78591234973018,93.54528927043528
97.28064358223975,98.7246116981209,99.29506197637708,96.03047255477264,97.17409530255051,94.7930329358274,93.55240985653248
97.28769296247597,98.73166107835712,99.3021113566133,96.03752193500887,97.18114468278674,94.80008231606365,93.55945923676875
97.29467184890984,98.73863996479098,99.3090902430472,96.04450082144272,97.18812356922061,94.80706120249751,93.56643812320262
97.30158094647935,98.74554906236052,99.31599934061671,96.05140991901226,97.19503266679011,94.81397030006704,93.57334722077215
97.30842095307321,98.75238906895436,99.32283934721056,96.05824992560608,97.20187267338397,94.82081030666083,93.58018722736597
97.3151925596011,98.75916067548226,99.32961095373845,96.065021532134,97.20864427991187,94.82758191318877,93.58695883389385
97.32189645006373,98.76586456594488,99.33631484420107,96.07172542259661,97.2153481703745,94.83428580365137,93.59366272435646
97.32853330162172,98.77250141750287,99.34295169575906,96.07836227415463,97.22198502193248,94.84092265520937,93.60029957591446
97.33510378466411,98.77907190054528,99.34952217880148,96.08493275719702,97.22855550497489,94.84749313825179,93.60687005895689
97.3416085628761,98.78557667875728,99.35602695701348,96.091437535409,97.23506028318687,94.85399791646377,93.61337483716888
97.348048293306,98.79201640918716,99.36246668744334,96.09787726583887,97.24150001361676,94.86043764689363,93.61981456759874
97.35442362643157,98.79839174231272,99.3688420205689,96.10425259896446,97.24787534674233,94.8668129800192,93.6261899007243
97.36073520622588,98.80470332210703,99.3751536003632,96.11056417875876,97.25418692653665,94.87312455981353,93.63250148051861
97.36698367022227,98.8109517861034,99.38140206435959,96.11681264275515,97.26043539053303,94.8793730238099,93.638749944515
97.37316964957866,98.81713776545982,99.38758804371601,96.12299862211157,97.26662136988944,94.88555900316634,93.64493592387142
97.37929376914153,98.82326188502266,99.39371216327885,96.1291227416744,97.27274548945229,94.89168312272916,93.65106004343427
97.38535664750871,98.82932476338988,99.39977504164607,96.13518562004163,97.27880836781948,94.89774600109641,93.65712292180149
97.39135889709226,98.83532701297342,99.40577729122963,96.14118786962514,97.28481061740301,94.90374825067991,93.66312517138505
97.39730112417996,98.84126924006114,99.41171951831734,96.14713009671284,97.29075284449073,94.90969047776761,93.66906739847272
97.40318392899681,98.84715204487797,99.41760232313416,96.15301290152969,97.29663564930758,94.91557328258445,93.67495020328954
97.40900790576548,98.85297602164663,99.42342629990281,96.15883687829837,97.30245962607624,94.92139725935311,93.68077418005821
97.41477364276646,98.85874175864761,99.4291920369038,96.16460261529934,97.30822536307723,94.92716299635411,93.68653991705919
97.42048172239741,98.86444983827857,99.43490011653478,96.17031069493031,97.31393344270818,94.93287107598508,93.69224799669017
97.42613272123208,98.87010083711324,99.44055111536943,96.17596169376496,97.31958444154284,94.93852207481972,93.69789899552482
97.43172721007839,98.87569532595954,99.44614560421573,96.18155618261129,97.32517893038916,94.94411656366603,93.70349348437112
97.43726575403623,98.8812338699174,99.45168414817358,96.18709472656914,97.33071747434701,94.9496551076239,93.70903202832898
97.44274891255449,98.88671702843564,99.45716730669186,96.19257788508739,97.33620063286526,94.95513826614217,93.71451518684727
97.44817723948758,98.89214535536875,99.46259563362497,96.19800621202047,97.34162895979834,94.96056659307524,93.71994351378035
97.45355128315134,98.89751939903252,99.46796967728872,96.20338025568421,97.3470030034621,94.96594063673899,93.7253175574441
97.45887158637848,98.90283970225963,99.47328998051584,96.20870055891135,97.35232330668924,94.97126093996613,93.73063786067122
97.46413868657332,98.90810680245448,99.4785570807107,96.2139676591062,97.35759040688409,94.97652804016099,93.73590496086608
97.46935311576622,98.9133212316474,99.48377150990359,96.21918208829912,97.36280483607699,94.98174246935388,93.74111939005897
97.47451540066722,98.91848351654836,99.48893379480455,96.22434437320008,97.36796712097798,94.98690475425485,93.74628167495995
97.47962606271916,98.92359417860031,99.4940444568565,96.22945503525206,97.37307778302993,94.99201541630683,93.75139233701191
97.48468561815059,98.92865373403174,99.49910401228793,96.2345145906835,97.37813733846136,94.99707497173824,93.75645189244335
97.48969457802772,98.93366269390886,99.50411297216505,96.23952355056062,97.38314629833849,95.00208393161537,93.76146085232047
97.49465344830607,98.93862156418722,99.5090718424434,96.24448242083898,97.38810516861683,95.00704280189373,93.76641972259883
97.49956272988163,98.94353084576277,99.51398112401898,96.24939170241451,97.3930144501924,95.01195208346931,93.7713290041744
97.50442291864142,98.9483910345226,99.51884131277879,96.25425189117433,97.3978746389522,95.0168122722291,93.77618919293421
97.50923450551367,98.95320262139482,99.52365289965101,96.25906347804656,97.40268622582444,95.02162385910131,93.78100077980642
97.51399797651716,98.95796609239831,99.5284163706545,96.26382694905007,97.40744969682792,95.02638733010481,93.78576425080989
97.51871381281063,98.96268192869177,99.53313220694795,96.26854278534351,97.4121655331214,95.03110316639827,93.79048008710336
97.52338249074114,98.96735060662229,99.53780088487848,96.27321146327405,97.4168342110519,95.03577184432879,93.79514876503389
97.52800448189235,98.9719725977735,99.54242287602969,96.27783345442526,97.42145620220312,95.04039383548,93.7997707561851
97.53258025313205,98.9765483690132,99.54699864726939,96.28240922566494,97.42603197344282,95.04496960671973,93.80434652742483
97.53711026665934,98.98107838254052,99.5515286607967,96.28693923919225,97.43056198697012,95.04949962024702,93.80887654095214
97.5415949800514,98.98556309593255,99.55601337418874,96.29142395258427,97.43504670036216,95.05398433363906,93.81336125434417
97.54603484630951,98.99000296219066,99.56045324044685,96.2958638188424,97.43948656662027,95.05842419989719,93.8178011206023
97.55043031390504,98.99439842978619,99.5648487080424,96.30025928643792,97.4438820342158,95.06281966749272,93.82219658819783
97.5547818268246,98.99874994270579,99.56920022096199,96.3046107993575,97.44823354713537,95.06717118041227,93.8265481011174
97.559089824615,99.00305794049618,99.57350821875238,96.30891879714785,97.45254154492577,95.07147917820265,93.83085609890776
97.5633547424275,99.00732285830865,99.57777313656487,96.31318371496037,97.45680646273827,95.07574409601511,93.83512101672022
97.56757701106186,99.01154512694302,99.58199540519924,96.31740598359474,97.46102873137262,95.07996636464951,93.83934328535456
97.57175705700988,99.01572517289105,99.58617545114724,96.32158602954277,97.46520877732064,95.08414641059753,93.84352333130262
97.57589530249842,99.01986341837957,99.59031369663577,96.32572427503129,97.46934702280919,95.08828465608606,93.84766157679115
97.57999216553206,99.02396028141321,99.59441055966943,96.32982113806496,97.47344388584283,95.09238151911973,93.8517584398248
97.58404805993537,99.02801617581655,99.59846645407276,96.33387703246827,97.47749978024613,95.096437413523,93.85581433422811
97.58806339539467,99.03203151127583,99.60248178953205,96.33789236792754,97.48151511570543,95.10045274898229,93.85982966968737
97.59203857749938,99.03600669338054,99.60645697163673,96.34186755003225,97.48549029781014,95.104427931087,93.86380485179207
97.59597400778304,99.03994212366418,99.61039240192036,96.34580298031591,97.4894257280938,95.10836336137066,93.86774028207574
97.59987008376383,99.04383819964498,99.61428847790117,96.34969905629674,97.4933218040746,95.1122594373515,93.87163635805656
97.60372719898483,99.04769531486598,99.61814559312216,96.35355617151772,97.49717891929559,95.11611655257248,93.87549347327759
97.6075457430536,99.05151385893475,99.62196413719096,96.3573747155865,97.50099746336437,95.11993509664126,93.87931201734635
97.6113261016817,99.05529421756286,99.62574449581906,96.3611550742146,97.50477782199246,95.12371545526935,93.88309237597444
97.61506865672351,99.05903677260467,99.62948705086089,96.36489762925639,97.50852037703427,95.12745801031117,93.88683493101627
97.61877378621492,99.06274190209609,99.63319218035228,96.3686027587478,97.51222550652568,95.13116313980255,93.89054006050766
97.62244186441141,99.06640998029256,99.63686025854878,96.3722708369443,97.51589358472218,95.13483121799904,93.89420813870412
97.62607326182592,99.07004137770708,99.64049165596327,96.37590223435882,97.51952498213669,95.13846261541357,93.89783953611864
97.62966834526628,99.07363646114744,99.64408673940365,96.37949731779918,97.52312006557705,95.14205769885396,93.90143461955904
97.63322747787225,99.07719559375342,99.6476458720096,96.38305645040515,97.52667919818303,95.1456168314599,93.90499375216503
97.63675101915217,99.08071913503332,99.6511694132895,96.38657999168504,97.53020273946294,95.14914037273984,93.90851729344493
97.64023932501928,99.08420744090041,99.6546577191566,96.39006829755218,97.53369104533004,95.15262867860693,93.91200559931202
97.6436927478277,99.08766086370885,99.65811114196504,96.3935217203606,97.53714446813846,95.15608210141538,93.91545902212047
97.64711163640803,99.09107975228918,99.66153003054539,96.39694060894094,97.54056335671879,95.1595009899957,93.91887791070083
97.65049633610259,99.09446445198375,99.66491473023994,96.40032530863547,97.54394805641336,95.16288568969023,93.92226261039535
97.6538471888002,99.09781530468135,99.66826558293752,96.40367616133308,97.54729890911096,95.16623654238786,93.92561346309294
97.65716453297081,99.10113264885196,99.67158292710816,96.4069935055037,97.55061625328158,95.16955388655848,93.92893080726358
97.66044870369973,99.10441681958089,99.6748670978371,96.41027767623261,97.5539004240105,95.17283805728741,93.9322149779925
97.66370003272135,99.10766814860251,99.67811842685873,96.41352900525425,97.55715175303212,95.17608938630903,93.93546630701414
97.66691884845278,99.11088696433394,99.68133724259016,96.41674782098565,97.56037056876355,95.17930820204043,93.93868512274555
97.67010547602688,99.11407359190807,99.68452387016427,96.41993444855976,97.56355719633764,95.18249482961454,93.94187175031963
97.67326023732528,99.11722835320644,99.68767863146265,96.42308920985813,97.56671195763604,95.18564959091287,93.94502651161798
97.67638345101066,99.12035156689181,99.69080184514803,96.42621242354355,97.56983517132143,95.1887728045983,93.94814972530335
97.67947543255919,99.12344354844035,99.69389382669657,96.42930440509207,97.57292715286995,95.19186478614684,93.9512417068519
97.68253649429224,99.12650461017341,99.6969548884296,96.4323654668251,97.575988214603,95.19492584787987,93.95430276858497
97.68556694540797,99.1295350612891,99.69998533954532,96.43539591794084,97.57901866571873,95.19795629899558,93.95733321970066
97.6885670920125,99.13253520789368,99.70298548614988,96.4383960645454,97.58201881232327,95.20095644560017,93.9603333663052
97.69153723715104,99.13550535303219,99.70595563128839,96.4413662096839,97.5849889574618,95.20392659073866,93.96330351144377
97.69447768083813,99.1384457967193,99.70889607497551,96.44430665337104,97.5879294011489,95.20686703442581,93.96624395513089
97.69738872008838,99.14135683596956,99.71180711422576,96.44721769262128,97.59084044039915,95.20977807367603,93.96915499438116
97.70027064894614,99.14423876482732,99.71468904308352,96.45009962147901,97.59372236925691,95.2126600025338,93.97203692323889
97.70312375851533,99.1470918743965,99.71754215265268,96.45295273104821,97.5965754788261,95.21551311210297,93.97489003280806
97.70594833698881,99.14991645286997,99.72036673112616,96.45577730952171,97.59940005729958,95.21833769057645,93.97771461128154
97.70874466967756,99.1527127855587,99.7231630638149,96.45857364221045,97.60219638998832,95.2211340232652,93.98051094397029
97.7115130390394,99.15548115492054,99.72593143317675,96.4613420115723,97.60496475935017,95.22390239262708,93.98327931333216
97.71425372470762,99.15822184058878,99.728672118845,96.46408269724051,97.60770544501838,95.22664307829531,93.98601999900042
97.71696700351916,99.16093511940036,99.73138539765657,96.46679597605205,97.61041872382992,95.22935635710684,93.98873327781196
97.71965314954264,99.1636212654238,99.73407154368002,96.46948212207549,97.6131048698534,95.23204250313026,93.99141942383538
97.72231243410583,99.16628054998702,99.73673082824321,96.47214140663873,97.61576415441661,95.2347017876935,93.99407870839856
97.72494512582344,99.16891324170459,99.73936351996078,96.47477409835629,97.6183968461342,95.23733447941106,93.99671140011615
97.72755149062382,99.17151960650497,99.74196988476115,96.47738046315672,97.62100321093459,95.2399408442115,93.99931776491655
97.73013179177622,99.17409990765736,99.74455018591355,96.47996076430911,97.623583512087,95.24252114536387,94.00189806606899
97.73268628991707,99.17665440579823,99.74710468405443,96.48251526244997,97.62613801022783,95.24507564350475,94.00445256420984
97.73521524307654,99.1791833589577,99.74963363721389,96.48504421560942,97.6286669633873,95.24760459666419,94.0069815173693
97.7377189067044,99.18168702258556,99.75213730084177,96.48754787923728,97.63117062701517,95.25010826029205,94.00948518099715
97.740197533696,99.18416564957715,99.75461592783334,96.49002650622889,97.63364925400677,95.25258688728364,94.01196380798874
97.74265137441765,99.18661949029882,99.75706976855503,96.49248034695056,97.63610309472841,95.25504072800533,94.01441764871042
97.74508067673213,99.18904879261329,99.75949907086948,96.494909649265,97.6385323970429,95.25747003031977,94.01684695102486
97.74748568602345,99.1914538019046,99.7619040801608,96.49731465855632,97.64093740633422,95.25987503961109,94.01925196031617
97.74986664522184,99.19383476110302,99.76428503935921,96.49969561775474,97.64331836553261,95.26225599880951,94.02163291951459
97.75222379482828,99.19619191070943,99.76664218896562,96.50205276736115,97.64567551513905,95.2646131484159,94.02399006912101
97.75455737293862,99.19852548881977,99.76897576707597,96.50438634547152,97.64800909324939,95.26694672652629,94.02632364723137
97.75686761526786,99.20083573114903,99.77128600940522,96.50669658780076,97.65031933557863,95.26925696885552,94.02863388956061
97.75915475517382,99.20312287105497,99.77357314931116,96.5089837277067,97.65260647548459,95.27154410876146,94.03092102946655
97.76141902368072,99.20538713956186,99.77583741781808,96.5112479962136,97.65487074399148,95.27380837726835,94.03318529797343
97.76366064950253,99.20762876538372,99.77807904363993,96.51348962203544,97.65711236981329,95.27605000309018,94.03542692379527
97.76587985906615,99.20984797494735,99.78029825320357,96.51570883159903,97.65933157937692,95.27826921265378,94.03764613335888
97.76807687653414,99.21204499241534,99.78249527067153,96.517905849067,97.66152859684492,95.28046623012179,94.03984315082685
97.77025192382746,99.21422003970862,99.78467031796482,96.52008089636031,97.66370364413822,95.2826412774151,94.04201819812016
97.77240522064781,99.21637333652899,99.78682361478519,96.5222341931807,97.66585694095858,95.28479457423546,94.04417149494056
97.77453698449997,99.21850510038115,99.78895537863735,96.52436595703284,97.66798870481074,95.28692633808762,94.04630325879272
97.77664743071361,99.22061554659479,99.79106582485099,96.52647640324649,97.67009915102437,95.28903678430127,94.04841370500637
97.77873677246511,99.22270488834629,99.79315516660249,96.52856574499799,97.67218849277587,95.29112612605277,94.05050304675787
97.7808052207991,99.22477333668026,99.79522361493648,96.53063419333196,97.67425694110986,95.29319457438676,94.05257149509187
97.78285298464972,99.22682110053091,99.79727137878712,96.53268195718262,97.67630470496049,95.29524233823739,94.0546192589425
97.78488027086189,99.22884838674305,99.79929866499926,96.53470924339474,97.67833199117266,95.29726962444953,94.05664654515463
97.78688728421191,99.23085540009306,99.80130567834925,96.5367162567448,97.68033900452268,95.29927663779954,94.05865355850462
97.78887422742842,99.23284234330957,99.80329262156576,96.53870319996132,97.68232594773919,95.30126358101606,94.06064050172114
97.79084130121277,99.23480941709391,99.8052596953501,96.54067027374566,97.68429302152353,95.30323065480042,94.0626075755055
97.79278870425927,99.23675682014041,99.8072070983966,96.54261767679216,97.68624042457003,95.30517805784692,94.06455497855201
97.7947166332753,99.23868474915645,99.80913502741264,96.5445456058082,97.68816835358606,95.30710598686295,94.06648290756806
97.79662528300118,99.24059339888234,99.81104367713853,96.54645425553409,97.69007700331196,95.30901463658883,94.06839155729392
97.7985148462298,99.24248296211096,99.81293324036714,96.54834381876269,97.69196656654057,95.31090419981746,94.07028112052254
97.80038551382614,99.24435362970729,99.81480390796348,96.55021448635904,97.69383723413691,95.3127748674138,94.07215178811889
97.8022374747465,99.24620559062765,99.81665586888384,96.5520664472794,97.69568919505727,95.31462682833416,94.07400374903925
97.80407091605767,99.24803903193882,99.818489310195,96.55389988859056,97.69752263636843,95.31646026964532,94.07583719035041
97.80588602295572,99.24985413883687,99.82030441709304,96.5557149954886,97.69933774326648,95.31827537654338,94.07765229724848
97.8076829787848,99.25165109466593,99.82210137292212,96.5575119513177,97.70113469909556,95.32007233237245,94.07944925307756
97.80946196505556,99.25343008093671,99.8238803591929,96.55929093758846,97.70291368536633,95.32185131864324,94.08122823934833
97.81122316146364,99.25519127734479,99.82564155560098,96.56105213399653,97.70467488177441,95.3236125150513,94.0829894357564
97.81296674590763,99.25693486178878,99.82738514004497,96.56279571844054,97.7064184662184,95.32535609949528,94.08473302020037
97.81469289450717,99.25866101038831,99.82911128864453,96.56452186704007,97.70814461481794,95.32708224809485,94.08645916879995
97.8164017816207,99.2603698975019,99.83082017575809,96.56623075415362,97.70985350193149,95.32879113520839,94.08816805591351
97.81809357986317,99.26206169574431,99.83251197400051,96.56792255239603,97.71154530017395,95.3304829334508,94.08985985415592
97.81976846012316,99.26373657600432,99.83418685426051,96.56959743265605,97.71322018043392,95.33215781371084,94.09153473441589
97.82142659158056,99.26539470746171,99.8358449857179,96.57125556411346,97.71487831189133,95.33381594516821,94.09319286587332
97.82306814172338,99.26703625760453,99.83748653586073,96.57289711425626,97.71651986203413,95.33545749531103,94.09483441601613
97.82469327636477,99.26866139224593,99.83911167050212,96.57452224889768,97.71814499667553,95.33708262995242,94.09645955065751
97.82630215965976,99.27027027554092,99.84072055379711,96.57613113219264,97.71975387997054,95.33869151324741,94.0980684339525
97.8278949541218,99.27186307000294,99.84231334825915,96.57772392665467,97.72134667443257,95.34028430770948,94.09966122841456
97.82947182063921,99.27343993652038,99.84389021477656,96.57930079317211,97.72292354094998,95.34186117422688,94.10123809493197
97.83103291849146,99.27500103437261,99.8454513126288,96.58086189102434,97.72448463880222,95.34342227207911,94.1027991927842
97.83257840536515,99.27654652124633,99.84699679950252,96.58240737789806,97.72603012567593,95.34496775895283,94.10434467965793
97.83410843737015,99.27807655325131,99.8485268315075,96.58393740990303,97.72756015768093,95.3464977909578,94.1058747116629
97.83562316905508,99.27959128493623,99.8500415631924,96.58545214158796,97.72907488936585,95.34801252264276,94.10738944334784
97.83712275342316,99.2810908693043,99.85154114756051,96.58695172595604,97.73057447373392,95.34951210701082,94.10888902771593
97.83860734194752,99.28257545782873,99.85302573608492,96.58843631448045,97.73205906225829,95.35099669553522,94.11037361624032
97.84007708458672,99.28404520046786,99.85449547872406,96.58990605711958,97.73352880489749,95.35246643817433,94.11184335887947
97.84153212979946,99.28550024568064,99.85595052393683,96.59136110233237,97.73498385011023,95.35392148338713,94.1132984040922
97.84297262456012,99.28694074044127,99.85739101869746,96.59280159709299,97.73642434487088,95.35536197814776,94.11473889885285
97.84439871437314,99.28836683025429,99.85881710851048,96.59422768690604,97.7378504346839,95.35678806796079,94.11616498866589
97.84581054328802,99.28977865916917,99.86022893742539,96.59563951582092,97.73926226359879,95.3581998968757,94.1175768175808
97.84720825391376,99.29117636979494,99.86162664805113,96.59703722644667,97.74065997422453,95.35959760750144,94.11897452820656
97.84859198743327,99.29256010331443,99.86301038157063,96.59842095996613,97.74204370774403,95.36098134102092,94.12035826172603
97.84996188361757,99.29392999949873,99.86438027775492,96.59979085615045,97.74341360392833,95.36235123720522,94.12172815791031
97.85131808084003,99.29528619672118,99.86573647497737,96.60114705337291,97.7447698011508,95.36370743442768,94.12308435513278
97.85266071609027,99.29662883197142,99.8670791102276,96.60248968862317,97.74611243640103,95.36505006967792,94.12442699038301
97.85398992498799,99.29795804086915,99.86840831912534,96.6038188975209,97.74744164529875,95.36637927857564,94.12575619928073
97.85530584179673,99.2992739576779,99.8697242359341,96.60513481432962,97.7487575621075,95.3676951953844,94.1270721160895
97.8566085994374,99.30057671531857,99.87102699357477,96.60643757197028,97.75006031974816,95.36899795302506,94.12837487373017
97.85789832950165,99.30186644538284,99.87231672363905,96.60772730203453,97.75135004981242,95.37028768308932,94.12966460379441
97.85917516226529,99.30314327814645,99.87359355640265,96.60900413479814,97.75262688257605,95.37156451585292,94.13094143655803
97.86043922670126,99.30440734258244,99.87485762083864,96.61026819923416,97.75389094701202,95.37282858028892,94.132205500994
97.8616906504929,99.30565876637405,99.87610904463025,96.61151962302576,97.75514237080365,95.37408000408053,94.13345692478563
97.8629295600466,99.30689767592776,99.87734795418395,96.6127585325795,97.75638128035736,95.37531891363423,94.13469583433933
97.86415608050477,99.30812419638592,99.87857447464211,96.61398505303765,97.75760780081553,95.3765454340924,94.13592235479749
97.86537033575833,99.30933845163949,99.8797887298957,96.61519930829124,97.7588220560691,95.37775968934601,94.13713661005109
97.8665724484594,99.31054056434054,99.88099084259673,96.61640142099228,97.76002416877016,95.37896180204704,94.13833872275215
97.86776254003343,99.31173065591457,99.88218093417076,96.61759151256632,97.76121426034419,95.38015189362108,94.13952881432617
97.86894073069172,99.31290884657287,99.88335912482907,96.6187697032246,97.76239245100247,95.38133008427937,94.14070700498446
97.87010713944342,99.3140752553246,99.88452553358081,96.61993611197633,97.76355885975418,95.38249649303106,94.14187341373616
97.87126188410764,99.31522999998882,99.885680278245,96.6210908566405,97.7647136044184,95.38365123769528,94.14302815840036
97.8724050813252,99.31637319720636,99.88682347546256,96.62223405385808,97.76585680163596,95.38479443491286,94.14417135561794
97.87353684657057,99.31750496245175,99.88795524070795,96.62336581910346,97.76698856688134,95.38592620015822,94.14530312086333
97.87465729416354,99.31862541004469,99.88907568830088,96.62448626669641,97.7681090144743,95.38704664775115,94.14642356845624
97.87576653728053,99.31973465316167,99.89018493141786,96.62559550981344,97.76921825759129,95.38815589086818,94.14753281157324
97.87686468796636,99.3208328038475,99.89128308210368,96.62669366049924,97.77031640827713,95.38925404155401,94.1486309622591
97.8779518571453,99.32191997302645,99.89237025128264,96.62778082967822,97.77140357745607,95.390341210733,94.14971813143808
97.87902815463246,99.32299627051363,99.89344654876983,96.62885712716538,97.77247987494324,95.39141750822014,94.15079442892527
97.88009368914477,99.32406180502593,99.89451208328215,96.62992266167765,97.77354540945554,95.39248304273245,94.15185996343756
97.88114856831196,99.32511668419312,99.89556696244932,96.63097754084484,97.77460028862271,95.39353792189961,94.15291484260473
97.88219289868748,99.32616101456864,99.89661129282483,96.63202187122036,97.77564461899826,95.3945822522751,94.15395917298022
97.88322678575923,99.3271949016404,99.89764517989659,96.63305575829213,97.77667850607,95.39561613934688,94.15499306005195
97.88425033396028,99.32821844984143,99.89866872809762,96.63407930649316,97.77770205427105,95.39663968754793,94.15601660825301
97.8852636466793,99.32923176256045,99.89968204081664,96.6350926192122,97.77871536699007,95.39765300026696,94.15702992097205
97.88626682627114,99.33023494215229,99.90068522040848,96.63609579880404,97.7797185465819,95.39865617985879,94.1580331005639
